usuario1;pass1;Juan;juan@email.com;100;3;USUARIO
comunidad1;pass2;Ana;ana@email.com;200;3;USUARIO
admin1;adminpass;Carlos;carlos@email.com;300;3;USUARIO
Luis;123456;luis23;lagh@yahoo.com;0;3;USUARIO
Prueba;123456;Prueba;prueba@prueba.com;0;3;USUARIO
Pr;123;pr;pr@pr.com;0;3;USUARIO
prueba;123456;Prueba2;prueb2a@prueba.com;100;3;USUARIO
hola;abcdefg;Hola;hola@epn.edu.ec;0;3;USUARIO
JuanMateo;123456;Juan Mateo;juan.quisilema@epn.edu.ec;0;3;USUARIO
Evelin;123456;Evelin Rocha;evelinrocha@epn.edu;0;3;USUARIO
Jose;1234567;Jose;joserocapod0842@gmail.com;3;3;USUARIO
esteban;esteban;esteban;esteban@god.ec;1000;3;USUARIO
tarek;tarek;tarek;tarek@god.com;0;0;USUARIO
zack;123456;Isaac;isaacmh@gmail.com;0;3;USUARIO
isaac;123456;isaac;isaacm1@gmail.com;0;3;USUARIO
Fernando;fernando;Fernando;fernando.huilca@epn.edu.ec;0;3;USUARIO
pruebita;pruebita;pruebita;hola@gmail.com;0;3;USUARIO
JON;JONJON;JON;JON@JON.COM;0;3;USUARIO
DOE;DOEDOE;DOE;DOE@DOE.COM;0;3;USUARIO
danielito1;123456;danielito;danielito@gmail.com;0;3;USUARIO
JONJON;JONJON;JONJON;JON@JONJON.com;0;3;USUARIO
POLLO;POLLO123;POLLO;POLLO@POLLO.com;0;3;USUARIO
COITO;COITO123;COITO;COITO@COITO.COM;0;3;USUARIO
GOKU;COKU123;GOKU;GOKU@ZAMBRANO.COM;0;3;USUARIO
lokillo;lokillo;lokillo;lokillo@gmail.com;0;0;USUARIO
fransisco;fransisco;fransisco;fransisco@epn.edu.ec;0;0;USUARIO
mikaela;mikaela;mikaela;mikaela@gmail.com;0;0;USUARIO
koko;koko1234;koko;koko@gmail.com;0;0;USUARIO
kevin;kevin123;kevin;kevin@gmail.com;0;0;USUARIO
Lesly;lesly123;Lesly;Lesly@gmail.com;0;0;USUARIO
